{
    "name":"US International",
    "displayname":"US International",
    "keys": [
        [["`", "~"], ["1", "!", "\u00a1", "\u00b9"], ["2", "@", "\u00b2"], ["3", "#", "\u00b3"], ["4", "$", "\u00a4", "\u00a3"], ["5", "%", "\u20ac"], ["6", "^", "\u00bc"], ["7", "&", "\u00bd"], ["8", "*", "\u00be"], ["9", "(", "\u2018"], ["0", ")", "\u2019"], ["-", "_", "\u00a5"], ["=", "+", "\u00d7", "\u00f7"], ["Bksp", "Bksp"]],
        [["Tab", "Tab"], ["q", "Q", "\u00e4", "\u00c4"], ["w", "W", "\u00e5", "\u00c5"], ["e", "E", "\u00e9", "\u00c9"], ["r", "R", "\u00ae"], ["t", "T", "\u00fe", "\u00de"], ["y", "Y", "\u00fc", "\u00dc"], ["u", "U", "\u00fa", "\u00da"], ["i", "I", "\u00ed", "\u00cd"], ["o", "O", "\u00f3", "\u00d3"], ["p", "P", "\u00f6", "\u00d6"], ["[", "{", "\u00ab"], ["]", "}", "\u00bb"], ["\\", "|", "\u00ac", "\u00a6"]],
        [["Caps", "Caps"], ["a", "A", "\u00e1", "\u00c1"], ["s", "S", "\u00df", "\u00a7"], ["d", "D", "\u00f0", "\u00d0"], ["f", "F"], ["g", "G"], ["h", "H"], ["j", "J"], ["k", "K"], ["l", "L", "\u00f8", "\u00d8"], [";", ":", "\u00b6", "\u00b0"], ["'", "%x22", "\u00b4", "\u00a8"], ["Enter", "Enter"]],
        [["Shift", "Shift"], ["z", "Z", "\u00e6", "\u00c6"], ["x", "X"], ["c", "C", "\u00a9", "\u00a2"], ["v", "V"], ["b", "B"], ["n", "N", "\u00f1", "\u00d1"], ["m", "M", "\u00b5"], [",", "<", "\u00e7", "\u00c7"], [".", ">"], ["/", "?", "\u00bf"], ["Shift", "Shift"]],
        [[" ", " ", " ", " "], ["Alt", "Alt"]]
    ],
    "lang": ["en"]
}
